Group A,Adrian,Cowell,a.cowell@imperial.ac.uk
Group A,Agata,Sadza,a.sadza@imperial.ac.uk
Group A,Ashish,Hemani,a.hemani@imperial.ac.uk
Group B,Alex,Furr,afurr@ic.ac.uk
Group B,Bea,Caballero,b.caballero-martin@imperial.ac.uk
Group B,Akram,Ameen,a.ameen@imperial.ac.uk
Group C,Adrian,Raby,a.raby@imperial.ac.uk
Group C,Alex,Furr2,alexanderfurr@gmail.com
Group C,Alex,Furr3,alexfurr@hotmail.com
